fname,label,Acoustic_guitar,Bass_drum,Cello,Clarinet,Double_bass,Flute,Hi-hat,Saxophone,Snare_drum,Violin_or_fiddle,y_pred
5388d14d.wav,Saxophone,0.000660999,0.0184839,0.022046357,0.043740474,0.000483487,0.023885885,4.24E-05,0.882339954,0.000134579,0.008181998,Saxophone
c685f05f.wav,Saxophone,0.001570534,0.000433722,0.019049356,0.001605469,0.002575562,0.016969264,1.92E-05,0.929825544,3.33E-05,0.027918143,Saxophone
36d20ab5.wav,Saxophone,0.000154089,0.000214742,0.010501064,0.001969648,0.001165497,0.001695422,1.94E-05,0.979705155,0.004420015,0.000154887,Saxophone
d6665734.wav,Saxophone,0.004410027,4.91E-05,0.074707247,0.010877014,0.00377509,0.010703083,3.20E-06,0.891063511,0.001962945,0.002448646,Saxophone
7352e28f.wav,Saxophone,5.83E-06,1.41E-12,3.14E-06,0.00031169,3.87E-07,0.013169241,4.24E-15,0.986509264,2.48E-14,4.01E-07,Saxophone
8fa096bf.wav,Saxophone,0.004221322,0.000492053,0.000445698,0.001766583,3.48E-05,0.000513128,7.51E-05,0.979327083,0.00013525,0.012988944,Saxophone
2f9c5f62.wav,Saxophone,0.002364317,1.02E-09,4.46E-06,0.04972329,2.28E-06,2.99E-06,4.56E-05,0.947132468,0.00071894,5.70E-06,Saxophone
9cd05a2b.wav,Saxophone,8.98E-06,1.81E-07,0.001168014,0.000197971,8.62E-05,0.024615305,1.26E-06,0.973782778,2.32E-06,0.000137227,Saxophone
ab465bf9.wav,Saxophone,2.03E-06,4.65E-15,6.04E-07,1.50E-05,1.63E-06,0.003770306,6.39E-13,0.996210217,6.17E-14,1.97E-07,Saxophone
c40632d7.wav,Saxophone,0.037913132,0.000187004,0.023106232,0.035251874,0.00425882,0.004227523,6.83E-06,0.877449811,0.000626202,0.016972844,Saxophone
3a80061f.wav,Saxophone,0.009462568,0.000118194,0.00346268,0.001778737,0.000140542,0.015236593,0.000253701,0.946736872,0.002913715,0.01989642,Saxophone
dba6817d.wav,Saxophone,0.000633524,3.90E-06,0.024000695,0.001318111,0.000602933,0.011863303,3.78E-07,0.960888624,1.04E-05,0.000678062,Saxophone
25f26095.wav,Saxophone,0.000400931,0.000145995,0.003974167,0.001253743,0.00016152,0.004175141,1.17E-05,0.984030545,0.000364716,0.005481486,Saxophone
37cebbd4.wav,Saxophone,2.58E-05,1.21E-14,6.30E-07,8.45E-08,8.53E-06,2.22E-05,3.62E-11,0.999940395,6.00E-13,2.30E-06,Saxophone
f8d96888.wav,Saxophone,0.062935375,0.000181769,0.070413694,0.007271325,0.005528828,0.004962143,9.17E-06,0.828141689,0.011459323,0.009096608,Saxophone
d94c94f0.wav,Saxophone,0.008055275,0.000117927,0.009760991,0.00236589,0.000732871,0.000111303,1.59E-06,0.942333043,2.49E-05,0.036496237,Saxophone
ec6afeb6.wav,Saxophone,3.17E-06,7.28E-13,1.51E-06,1.96E-07,0.000138276,9.39E-05,6.96E-13,0.999762774,3.06E-11,3.89E-07,Saxophone
5f0dc8e4.wav,Saxophone,0.000449523,2.12E-09,6.48E-06,0.001061545,0.000563241,9.73E-07,1.83E-09,0.997912765,5.52E-06,4.57E-09,Saxophone
b8c0a88a.wav,Saxophone,0.000471319,7.19E-09,0.034105714,0.000194639,2.56E-05,0.008133634,1.04E-07,0.956911743,1.42E-07,0.000157102,Saxophone
96dad435.wav,Saxophone,0.002107259,3.05E-07,0.000283357,0.007763596,0.002544906,0.008578715,1.19E-07,0.973582864,6.99E-07,0.005138396,Saxophone
b120dc90.wav,Saxophone,0.000669105,4.55E-05,0.000724708,0.000232882,0.015844112,0.000259701,7.46E-05,0.979315281,0.000372268,0.002461888,Saxophone
c1948f24.wav,Saxophone,0.000336674,1.37E-07,9.73E-05,0.00033313,0.000134575,0.002507959,9.67E-11,0.996589661,1.55E-08,4.93E-07,Saxophone
ac097834.wav,Saxophone,0.010551982,8.56E-06,0.039173421,0.002728193,0.00032149,0.027713288,4.16E-05,0.919263303,2.29E-06,0.000195858,Saxophone
4345851e.wav,Saxophone,0.008232953,8.19E-05,0.038922273,0.003219971,0.000265308,0.001981731,2.62E-06,0.941506743,0.000598461,0.005188155,Saxophone
5d4f8187.wav,Saxophone,0.001350401,0.000650513,0.007505352,0.060155377,0.000278043,0.006792278,8.91E-06,0.914690077,9.44E-06,0.00855959,Saxophone
b83049f4.wav,Saxophone,0.004875675,0.000606751,0.000957528,0.001609539,0.012153281,0.000429053,1.49E-07,0.976205528,5.64E-07,0.003161933,Saxophone
c1c3c8b9.wav,Saxophone,0.000196885,3.96E-10,6.95E-06,2.04E-05,0.006808511,0.006514837,8.44E-10,0.985651433,2.47E-09,0.000800883,Saxophone
78a86075.wav,Saxophone,0.009241299,0.000260508,0.025143275,0.011210519,0.000929695,0.00946113,0.000666826,0.938704967,0.000116507,0.004265435,Saxophone
f0d315bc.wav,Saxophone,0.002921725,6.78E-06,0.019787975,0.01317474,6.94E-05,0.009607648,5.16E-05,0.952016771,0.000139168,0.002224045,Saxophone
9c0838c1.wav,Saxophone,0.013368496,9.20E-05,0.006492774,0.0034023,8.65E-06,0.034152512,1.72E-05,0.931049109,0.000243223,0.011173816,Saxophone
d6144e01.wav,Violin_or_fiddle,4.49E-05,1.42E-16,1.25E-12,0.000583582,1.14E-12,8.95E-12,1.83E-06,1.08E-07,4.38E-09,0.999369502,Violin_or_fiddle
cfb9c5fd.wav,Violin_or_fiddle,0.00067076,0.005981823,0.030704597,0.03071608,0.002627485,0.012214233,5.64E-05,0.001370972,0.020300476,0.895357072,Violin_or_fiddle
c6865306.wav,Violin_or_fiddle,0.051451497,1.18E-06,0.049250834,0.022156438,0.002578216,0.017795684,5.96E-06,0.013876962,0.000772994,0.842110276,Violin_or_fiddle
642aba58.wav,Violin_or_fiddle,0.050483715,9.50E-08,0.012396703,8.31E-06,0.000117189,0.001242662,1.58E-08,0.014316065,1.35E-05,0.921421826,Violin_or_fiddle
848faca3.wav,Violin_or_fiddle,1.18E-06,0.000134167,0.001039958,0.000679657,3.94E-05,0.000226324,1.96E-06,0.000309295,2.82E-05,0.997539878,Violin_or_fiddle
7eb9dac0.wav,Violin_or_fiddle,0.001174594,0.006258459,0.029776005,0.020885028,0.001894515,0.011001784,0.002307242,0.003588222,0.015616305,0.907497823,Violin_or_fiddle
8d7d7dba.wav,Violin_or_fiddle,0.007753119,0.000146759,0.033237215,0.002908281,8.35E-05,0.005099207,2.00E-05,0.012893531,0.000270064,0.937588215,Violin_or_fiddle
2424ad60.wav,Violin_or_fiddle,0.008301925,0.002695133,0.018296735,0.007337176,0.00048086,0.007593885,1.92E-05,0.017788216,0.000510643,0.936976254,Violin_or_fiddle
ba648ac1.wav,Violin_or_fiddle,0.000135366,5.88E-05,0.00041325,0.000337082,8.60E-05,9.69E-05,5.50E-07,0.002322156,0.00036772,0.996182144,Violin_or_fiddle
2e4a9850.wav,Violin_or_fiddle,0.00834543,1.75E-12,3.28E-07,0.001024152,6.67E-08,5.33E-05,4.20E-05,1.75E-05,3.41E-07,0.990516901,Violin_or_fiddle
2cc8683d.wav,Violin_or_fiddle,0.003871173,0.006127296,0.012629487,0.006871946,0.000473879,0.003033891,1.40E-05,0.008906406,0.000254738,0.957817078,Violin_or_fiddle
7b6a119e.wav,Violin_or_fiddle,2.38E-05,4.25E-12,1.90E-05,0.000112909,2.91E-07,0.000254706,1.28E-05,4.69E-06,2.46E-05,0.999547243,Violin_or_fiddle
68589f79.wav,Violin_or_fiddle,0.00100573,0.023199784,0.016962005,0.005924609,0.003051266,0.000359869,5.89E-05,0.005551788,0.001280637,0.942605376,Violin_or_fiddle
fec00143.wav,Violin_or_fiddle,2.20E-05,7.59E-06,0.000351273,0.000268706,1.87E-06,0.031551614,7.91E-06,0.007216009,4.73E-06,0.960568368,Violin_or_fiddle
1b24c166.wav,Violin_or_fiddle,0.000611641,0.006069243,0.045388874,0.018577566,0.003336705,0.024529031,9.13E-05,0.022094831,0.000686955,0.87861377,Violin_or_fiddle
6eb59008.wav,Violin_or_fiddle,4.70E-05,2.46E-09,4.28E-06,0.057274994,5.43E-06,0.000469407,1.97E-07,1.22E-05,1.49E-06,0.942185044,Violin_or_fiddle
0e7cd4eb.wav,Violin_or_fiddle,0.015686775,0.000672938,0.063357823,0.00044699,0.010849988,0.000139421,7.03E-06,0.000279889,0.015687291,0.892871857,Violin_or_fiddle
56e79c6f.wav,Violin_or_fiddle,0.004121128,8.97E-10,0.015391131,0.011472905,1.82E-05,0.010586441,0.000798627,0.002186009,0.006305199,0.949120343,Violin_or_fiddle
cdc5fe8e.wav,Violin_or_fiddle,0.010355533,3.79E-05,0.007316627,0.001559418,0.074775018,0.101070024,0.00109712,0.008283509,0.000524917,0.79497993,Violin_or_fiddle
b38409bb.wav,Violin_or_fiddle,1.33E-05,1.20E-10,6.95E-08,9.30E-05,8.63E-10,9.76E-07,8.62E-08,8.98E-06,7.18E-08,0.999883533,Violin_or_fiddle
c8c117dc.wav,Violin_or_fiddle,0.010755225,0.000204411,0.082609311,9.73E-05,0.000488778,0.000388837,3.83E-07,0.002296566,0.000948566,0.902210534,Violin_or_fiddle
b73c3595.wav,Violin_or_fiddle,6.33E-07,3.93E-10,6.66E-08,8.21E-06,5.20E-09,9.16E-07,9.58E-07,1.91E-06,1.12E-06,0.999986172,Violin_or_fiddle
d84c8c43.wav,Violin_or_fiddle,0.000171659,0.006334148,0.014727917,0.008393215,0.002175223,0.001307917,6.65E-05,0.001248654,0.000857554,0.964717209,Violin_or_fiddle
d914225a.wav,Violin_or_fiddle,0.046470694,0.000121646,0.029269829,0.005202621,0.040337421,0.001906786,3.55E-06,0.029732808,0.000364829,0.846589863,Violin_or_fiddle
1148986e.wav,Violin_or_fiddle,0.011684648,4.01E-06,0.036801286,6.86E-06,0.001050057,0.000719926,1.15E-08,9.59E-05,4.92E-05,0.94958806,Violin_or_fiddle
e3f479f3.wav,Violin_or_fiddle,0.005598146,1.96E-05,0.007764012,0.000407578,0.000272651,0.005726894,0.001137347,0.021559725,0.014222085,0.943291903,Violin_or_fiddle
aab28420.wav,Violin_or_fiddle,0.000286536,0.003337002,0.011851611,0.004589987,0.001817952,0.001196727,6.95E-05,0.00241068,0.000437685,0.974002242,Violin_or_fiddle
21346775.wav,Violin_or_fiddle,0.031893466,0.000218712,0.004856104,0.000555082,0.000106308,0.001348762,1.27E-06,0.003006802,0.000167792,0.957845688,Violin_or_fiddle
cdeece57.wav,Violin_or_fiddle,0.022173956,0.000395682,0.00277205,0.000290032,0.00020688,0.002577968,1.73E-07,0.011849387,4.04E-06,0.959729791,Violin_or_fiddle
c9fb642d.wav,Violin_or_fiddle,0.008585394,7.53E-05,0.03888011,0.00017944,2.36E-05,0.002004659,9.72E-07,0.001721901,5.42E-05,0.948474348,Violin_or_fiddle
078f7ac0.wav,Hi-hat,9.95E-09,7.48E-13,1.03E-10,1.36E-07,7.51E-09,1.81E-06,0.999997854,3.08E-08,7.36E-09,2.46E-07,Hi-hat
e897db78.wav,Hi-hat,3.98E-08,1.34E-13,2.22E-11,1.15E-08,1.92E-09,1.06E-07,0.999999762,4.06E-10,1.49E-08,7.75E-08,Hi-hat
b31ed1fb.wav,Hi-hat,0.000103499,1.94E-10,2.69E-06,1.36E-06,1.37E-08,0.000359071,0.994966626,0.000181147,0.003293009,0.001092641,Hi-hat
06c48eab.wav,Hi-hat,0.000154698,1.18E-07,0.00150768,0.000354983,3.38E-05,0.002868184,0.993301451,0.000213821,4.88E-05,0.001516503,Hi-hat
2503aaa1.wav,Hi-hat,8.21E-07,1.12E-10,9.65E-09,1.49E-05,3.07E-07,3.71E-05,0.999939442,2.63E-06,4.75E-08,4.63E-06,Hi-hat
3d3439f1.wav,Hi-hat,1.37E-06,9.00E-13,1.50E-11,2.34E-08,9.04E-10,5.84E-08,0.999995232,6.35E-09,3.14E-06,1.97E-07,Hi-hat
34a90030.wav,Hi-hat,1.18E-09,6.57E-14,1.52E-10,1.02E-08,4.50E-10,4.12E-07,0.999999642,6.16E-09,7.92E-09,4.60E-09,Hi-hat
da4b0379.wav,Hi-hat,2.13E-08,1.75E-14,5.26E-13,1.22E-08,6.79E-11,3.76E-09,0.999999881,2.16E-10,4.36E-08,7.39E-09,Hi-hat
a090c45a.wav,Hi-hat,6.20E-08,1.17E-13,3.47E-13,1.38E-08,5.18E-11,5.14E-08,0.999977648,6.75E-09,2.17E-05,5.22E-07,Hi-hat
41897c32.wav,Hi-hat,7.54E-07,3.37E-09,5.53E-07,0.001338313,1.24E-07,0.002498405,0.996091485,4.27E-05,1.73E-05,1.04E-05,Hi-hat
2032be87.wav,Hi-hat,1.00E-09,3.30E-14,4.97E-12,6.77E-06,1.21E-09,4.96E-08,0.999993384,5.81E-10,2.94E-09,5.27E-09,Hi-hat
73677128.wav,Hi-hat,3.53E-09,1.49E-13,7.05E-13,1.16E-08,2.66E-09,3.71E-08,0.99999994,5.65E-10,1.20E-09,7.22E-09,Hi-hat
c53a217e.wav,Hi-hat,5.80E-10,1.05E-14,3.31E-13,4.50E-09,2.83E-10,1.37E-08,1,9.85E-11,7.19E-10,4.30E-09,Hi-hat
f0dfe343.wav,Hi-hat,1.54E-06,7.51E-11,3.37E-07,2.67E-06,5.55E-08,0.000278782,0.999674141,1.96E-05,8.25E-07,2.21E-05,Hi-hat
0ed06544.wav,Hi-hat,2.93E-09,8.46E-14,3.05E-12,2.41E-08,9.49E-10,4.65E-08,1,9.88E-10,4.57E-09,1.44E-08,Hi-hat
99c96a07.wav,Hi-hat,3.40E-07,1.42E-10,3.05E-09,2.25E-07,3.69E-08,2.94E-06,0.999983072,3.74E-08,1.33E-05,5.04E-08,Hi-hat
3a3d0279.wav,Hi-hat,3.32E-07,1.78E-12,3.58E-12,4.91E-08,4.71E-10,5.91E-08,0.999996662,5.33E-09,2.66E-06,2.10E-07,Hi-hat
612702c3.wav,Hi-hat,7.40E-07,7.00E-12,4.90E-08,0.000112433,1.15E-08,0.001661324,0.998220146,4.82E-06,1.01E-08,5.78E-07,Hi-hat
d6854eb4.wav,Hi-hat,0.000235615,0.00031536,0.003286981,0.000885207,7.54E-05,0.009835245,0.934197843,0.042963419,0.000245231,0.007959306,Hi-hat
52300f9b.wav,Hi-hat,2.96E-10,3.37E-16,3.20E-13,5.32E-09,4.68E-11,8.92E-09,1,1.51E-10,7.33E-10,1.15E-08,Hi-hat
09a1cfd7.wav,Hi-hat,7.52E-08,3.00E-11,7.56E-10,1.52E-07,3.28E-08,4.15E-07,0.99999851,1.60E-09,8.22E-07,1.35E-08,Hi-hat
3aafb6ad.wav,Hi-hat,2.81E-07,8.51E-11,2.31E-09,5.56E-06,3.00E-09,2.20E-06,0.999729693,9.83E-07,0.000137491,0.000123851,Hi-hat
493c247b.wav,Hi-hat,5.22E-09,1.52E-12,1.12E-10,4.86E-07,4.18E-09,1.22E-06,0.999998033,6.33E-08,3.77E-08,2.61E-07,Hi-hat
5ec7ad26.wav,Hi-hat,9.54E-07,1.62E-09,2.16E-08,1.15E-05,3.17E-08,1.80E-05,0.99994117,9.59E-07,1.76E-05,9.73E-06,Hi-hat
a1b369d7.wav,Hi-hat,1.32E-07,2.25E-10,9.84E-09,3.94E-05,2.56E-08,0.000170684,0.999781609,1.80E-06,6.19E-06,2.32E-07,Hi-hat
8cd809d3.wav,Hi-hat,3.56E-08,8.05E-10,3.37E-07,0.003128118,1.40E-08,1.42E-07,0.994867027,1.12E-05,0.001927736,6.54E-05,Hi-hat
aed9d22f.wav,Hi-hat,4.81E-10,2.51E-14,2.08E-10,8.37E-09,7.67E-10,4.16E-07,0.999999642,7.95E-10,3.44E-09,2.04E-09,Hi-hat
a7964699.wav,Hi-hat,6.60E-08,2.89E-11,1.48E-09,6.47E-06,3.71E-10,1.17E-06,0.999968648,1.66E-06,5.98E-06,1.61E-05,Hi-hat
da3f8050.wav,Hi-hat,3.14E-07,4.69E-11,5.93E-08,2.06E-05,2.30E-07,8.27E-05,0.999883175,2.37E-06,3.75E-07,1.02E-05,Hi-hat
468f9c4c.wav,Hi-hat,0.000116587,1.80E-06,0.014452802,0.000421557,0.001183446,0.003108876,0.975593984,0.001438817,1.44E-05,0.003667621,Hi-hat
229be2be.wav,Snare_drum,8.83E-06,7.38E-08,4.27E-05,1.72E-08,5.16E-08,1.79E-05,3.89E-05,3.96E-06,0.999876678,1.10E-05,Snare_drum
b6cbc6a9.wav,Snare_drum,2.88E-07,7.56E-09,1.59E-06,2.11E-09,5.83E-11,4.45E-06,2.40E-06,1.66E-06,0.999987721,1.94E-06,Snare_drum
ae7d1c37.wav,Snare_drum,0.005499764,0.001241835,0.009541886,0.001616109,0.000257819,0.000472931,0.000324633,0.019401571,0.95824641,0.003397312,Snare_drum
82d4fb44.wav,Snare_drum,9.73E-06,3.07E-08,0.000138052,6.02E-06,1.57E-06,9.05E-07,1.47E-05,4.62E-05,0.977053642,0.022729296,Snare_drum
4c590f69.wav,Snare_drum,0.002121854,2.71E-05,6.99E-05,0.000454327,3.37E-05,0.000236518,0.000398571,0.000749292,0.994748354,0.001160388,Snare_drum
1c9a423f.wav,Snare_drum,1.10E-10,2.50E-12,0.001184128,2.88E-05,1.35E-11,0.000385271,4.19E-09,1.02E-05,0.998163581,0.000227838,Snare_drum
f0727eac.wav,Snare_drum,2.07E-06,2.20E-09,3.74E-07,9.01E-09,7.45E-12,2.53E-05,2.08E-05,1.27E-05,0.999925137,1.36E-05,Snare_drum
31db8c5e.wav,Snare_drum,0.000439767,0.000105823,0.21493645,2.99E-05,0.000350338,0.000607346,7.35E-06,0.003517433,0.76408273,0.015922695,Snare_drum
b86b5a96.wav,Snare_drum,0.003165788,9.91E-05,9.02E-06,1.29E-05,9.97E-07,0.000140267,3.13E-05,0.000995135,0.99453038,0.001015062,Snare_drum
6fca680b.wav,Snare_drum,0.002386532,0.000231016,0.005688756,0.000233656,0.002603649,3.54E-05,1.61E-05,0.000311908,0.987963974,0.000528949,Snare_drum
1bc8eae1.wav,Snare_drum,0.001503993,9.54E-08,5.79E-05,6.71E-06,4.32E-06,3.82E-05,0.003945287,0.000805579,0.987594366,0.006043551,Snare_drum
46b52f97.wav,Snare_drum,3.02E-08,1.54E-08,5.52E-08,4.40E-05,1.60E-07,9.55E-07,1.89E-05,0.00284415,0.997080266,1.15E-05,Snare_drum
0c67f402.wav,Snare_drum,1.57E-05,5.93E-07,3.08E-06,8.66E-05,2.18E-09,0.000173706,3.64E-05,0.002442145,0.997224927,1.70E-05,Snare_drum
c8ecbbfd.wav,Snare_drum,0.000295827,1.43E-06,8.63E-06,9.76E-05,3.25E-05,1.04E-05,2.49E-05,9.94E-05,0.999335349,9.39E-05,Snare_drum
9f84ea5a.wav,Snare_drum,0.010418513,3.90E-05,0.140813991,0.00306853,0.073349744,6.53E-05,2.77E-07,2.72E-05,0.770516634,0.001700839,Snare_drum
e4958adc.wav,Snare_drum,2.69E-05,7.66E-06,0.000277486,0.002824642,2.56E-06,2.67E-07,5.11E-06,9.91E-06,0.996841967,3.59E-06,Snare_drum
5ce40b1b.wav,Snare_drum,9.66E-05,6.74E-07,9.80E-05,5.63E-07,3.75E-07,5.57E-06,2.69E-07,9.54E-05,0.999555469,0.000147148,Snare_drum
9d308738.wav,Snare_drum,0.000505999,1.90E-06,0.000923258,1.46E-06,3.22E-08,0.000704218,7.00E-05,0.001238679,0.995475292,0.001079003,Snare_drum
1e3391d5.wav,Snare_drum,1.92E-05,5.20E-06,0.000601202,0.015423125,3.35E-06,1.66E-06,5.44E-06,2.58E-05,0.983908415,6.71E-06,Snare_drum
ff3f21e7.wav,Snare_drum,0.001459529,8.70E-06,1.34E-06,0.000680354,1.52E-07,1.75E-05,2.59E-05,0.00063983,0.995351255,0.001815537,Snare_drum
b68f10af.wav,Snare_drum,0.016900798,0.000792309,0.002346817,0.002845268,0.000347308,0.00568548,0.003469211,0.014685243,0.94668752,0.00624025,Snare_drum
e8e00924.wav,Snare_drum,0.044599749,8.95E-06,0.000174931,3.69E-06,5.38E-07,9.29E-05,9.12E-08,0.003615203,0.950328171,0.001175816,Snare_drum
22e1c02c.wav,Snare_drum,8.54E-05,7.03E-05,0.000759648,4.07E-05,2.54E-05,3.21E-05,4.74E-05,4.25E-05,0.998277366,0.000619255,Snare_drum
5c33d972.wav,Snare_drum,0.00109425,0.008668352,0.031277843,0.016323481,0.003285907,0.000392318,0.000177194,0.001070477,0.922167957,0.015542181,Snare_drum
9320c55f.wav,Snare_drum,0.006857441,0.00016268,0.025193121,0.000158764,1.90E-05,0.002499035,1.24E-05,0.00419382,0.928309798,0.032593977,Snare_drum
f1754aea.wav,Snare_drum,0.00745643,4.27E-05,0.000895012,8.07E-05,1.78E-05,9.40E-05,0.000219192,0.000122098,0.991037905,3.41E-05,Snare_drum
b218444c.wav,Snare_drum,0.00410905,0.000223813,0.001563934,0.004064132,0.000128692,3.78E-05,2.73E-05,0.000278723,0.987655997,0.001910545,Snare_drum
36d06cc0.wav,Snare_drum,0.001947242,2.38E-05,1.41E-06,0.000123469,1.36E-07,1.34E-06,2.71E-07,0.000959203,0.996914268,2.89E-05,Snare_drum
4c4d4797.wav,Snare_drum,0.014063657,9.46E-07,2.29E-06,2.58E-05,2.51E-07,0.000147549,1.29E-05,0.001248481,0.979003191,0.005494855,Snare_drum
cae0d841.wav,Snare_drum,1.01E-08,5.92E-10,2.69E-07,5.36E-05,8.37E-09,1.68E-06,8.47E-05,5.16E-05,0.999705613,0.000102484,Snare_drum
17f82c05.wav,Acoustic_guitar,0.327673852,0.024896469,0.197040513,0.001031189,0.40165028,0.000641157,2.44E-06,0.000942199,0.01387863,0.032243229,Double_bass
0eeaebcb.wav,Acoustic_guitar,0.981857121,2.62E-07,0.006529332,0.000103822,0.008752483,0.001374715,8.46E-09,0.00034722,2.32E-06,0.00103294,Acoustic_guitar
e92bf0fa.wav,Acoustic_guitar,0.999042213,2.65E-13,1.85E-05,1.50E-07,1.03E-06,9.81E-05,1.45E-14,5.61E-07,3.06E-11,0.000839473,Acoustic_guitar
10da16fb.wav,Acoustic_guitar,0.993814409,2.35E-07,0.001124874,0.003289521,0.000126994,0.000133429,4.61E-09,4.75E-05,2.61E-07,0.00146291,Acoustic_guitar
a25423a8.wav,Acoustic_guitar,0.599977612,0.001067032,0.091172777,0.007565061,0.288163185,2.73E-05,3.97E-06,0.005304275,9.45E-05,0.006624097,Acoustic_guitar
16c9a838.wav,Acoustic_guitar,0.935874581,5.54E-07,0.005665038,0.026508085,0.016256656,0.00202374,1.88E-09,2.01E-05,1.38E-06,0.013649767,Acoustic_guitar
70ca9c77.wav,Acoustic_guitar,0.489271283,1.11E-05,0.172819585,0.024629965,0.313071936,9.86E-06,8.99E-10,1.21E-06,0.000184926,2.83E-07,Acoustic_guitar
38216fad.wav,Acoustic_guitar,0.912815928,0.007592312,0.029900406,0.000103393,0.02634803,0.003581016,2.88E-07,0.010982071,2.83E-05,0.008648301,Acoustic_guitar
d8a257e5.wav,Acoustic_guitar,0.924551964,0.0124695,0.029970841,0.00215196,0.025972093,0.000160273,3.80E-06,0.001267197,0.000539672,0.002912539,Acoustic_guitar
7506dcc4.wav,Acoustic_guitar,0.82774049,6.95E-10,1.55E-06,0.170544744,0.001706057,1.16E-07,6.21E-08,3.10E-06,3.33E-06,4.53E-07,Acoustic_guitar
a6728901.wav,Acoustic_guitar,0.989039242,1.48E-12,5.88E-06,4.85E-05,9.03E-07,0.009890394,5.10E-10,2.88E-06,4.27E-09,0.001012291,Acoustic_guitar
b88322f6.wav,Acoustic_guitar,0.975931048,0.000404678,0.021746058,4.88E-05,0.001559086,2.75E-06,7.84E-07,1.16E-05,0.000242824,5.25E-05,Acoustic_guitar
35039ae1.wav,Acoustic_guitar,0.957184196,9.70E-05,0.02629694,0.001154216,0.006249905,0.006863703,3.05E-06,7.04E-05,1.44E-05,0.002066034,Acoustic_guitar
236cbab1.wav,Acoustic_guitar,0.43379873,0.000229026,0.190694347,0.006771818,0.355842352,6.45E-05,2.90E-05,0.000598017,0.011502794,0.000469583,Acoustic_guitar
0356dec7.wav,Acoustic_guitar,0.932167053,0.000152842,0.008392811,4.35E-05,0.000463138,0.001344731,2.10E-07,0.022976149,0.014536631,0.019922944,Acoustic_guitar
bb1f5874.wav,Acoustic_guitar,0.978622735,1.70E-05,0.004656665,8.63E-05,0.01305881,9.69E-05,8.63E-08,0.001204491,1.08E-05,0.002246234,Acoustic_guitar
34747922.wav,Acoustic_guitar,0.967824817,1.78E-08,4.73E-05,0.000345294,0.000144467,0.00642062,7.59E-07,0.023863977,4.27E-08,0.001352663,Acoustic_guitar
44fb3eeb.wav,Acoustic_guitar,0.987249553,1.50E-08,6.61E-05,9.41E-05,0.000184055,0.00353088,3.63E-10,0.000784653,1.55E-06,0.008089202,Acoustic_guitar
367ad7b1.wav,Acoustic_guitar,0.786553383,1.82E-06,0.001315408,0.000485615,0.191692129,0.000426615,8.49E-07,0.016745241,8.45E-06,0.002770529,Acoustic_guitar
160c92d7.wav,Acoustic_guitar,0.966459036,1.26E-07,0.000781381,0.02885182,5.37E-05,0.00139893,7.74E-10,9.28E-05,1.87E-07,0.002362069,Acoustic_guitar
2016d256.wav,Acoustic_guitar,0.90590477,6.64E-13,4.76E-07,0.093942657,0.000123742,2.13E-09,1.93E-11,7.85E-06,2.20E-08,2.05E-05,Acoustic_guitar
fc55d588.wav,Acoustic_guitar,0.901280761,0.00033244,0.041733943,0.002495727,0.048451517,0.002406789,1.17E-07,0.001777572,0.000105605,0.001415664,Acoustic_guitar
c7846d27.wav,Acoustic_guitar,0.996107697,2.19E-08,0.000324702,7.79E-05,2.27E-05,0.003099169,1.43E-08,0.000277212,1.77E-09,9.05E-05,Acoustic_guitar
55822aae.wav,Acoustic_guitar,0.897076249,3.95E-05,0.018733215,0.000792983,0.07109382,0.006504788,0.000227571,0.000529933,0.003427905,0.001574066,Acoustic_guitar
9923ddf8.wav,Acoustic_guitar,0.999992549,3.54E-14,1.77E-10,2.39E-06,7.46E-07,5.38E-08,1.86E-08,1.07E-08,4.37E-10,4.31E-06,Acoustic_guitar
32dee61b.wav,Acoustic_guitar,0.672590971,0.051001005,0.056948412,0.000565768,0.174648777,0.000465284,8.28E-07,0.003195857,6.19E-05,0.040521268,Acoustic_guitar
fa4d4a92.wav,Acoustic_guitar,0.523346901,1.61E-06,0.028593536,0.014491341,0.433560133,3.67E-07,1.12E-08,6.01E-07,4.99E-06,4.74E-07,Acoustic_guitar
8da75280.wav,Acoustic_guitar,0.239222243,1.72E-05,0.076798894,0.010825974,0.672953188,2.45E-05,2.23E-08,4.12E-05,9.91E-05,1.76E-05,Double_bass
b2261238.wav,Acoustic_guitar,0.940805614,5.18E-06,0.010849802,0.007305016,0.000407539,0.002103296,1.02E-06,0.018670421,0.000368096,0.019483946,Acoustic_guitar
673defaf.wav,Acoustic_guitar,0.996477246,3.20E-11,8.97E-08,0.000155171,3.51E-07,1.20E-05,9.08E-09,0.000119619,3.80E-09,0.003235567,Acoustic_guitar
e6597186.wav,Double_bass,0.049862176,3.53E-06,0.067109399,2.66E-05,0.882967889,8.89E-08,2.90E-11,3.15E-07,5.37E-06,2.47E-05,Double_bass
fcfafbc8.wav,Double_bass,0.000137664,0.00061401,0.004345703,3.48E-08,0.994902015,4.49E-08,5.11E-11,1.90E-09,1.45E-07,2.94E-07,Double_bass
444f9db5.wav,Double_bass,0.004957952,4.08E-06,0.001226402,0.000149861,0.968236744,0.00083692,3.68E-07,0.024441764,4.94E-06,0.00014109,Double_bass
19893aa8.wav,Double_bass,0.00038012,0.012683761,0.055235378,0.021786286,0.891557395,0.009121101,0.000176659,0.000208095,0.000697279,0.008153774,Double_bass
f042282c.wav,Double_bass,0.001475085,0.026370512,0.044620384,0.006305314,0.915167272,0.001245349,3.80E-05,0.000116022,0.00242428,0.002237745,Double_bass
95e1d0ae.wav,Double_bass,0.004056491,0.020793661,0.15323332,0.000617753,0.819127083,5.18E-05,1.72E-06,2.16E-05,0.002046759,5.00E-05,Double_bass
595c191d.wav,Double_bass,0.000992468,0.000406046,0.000619508,0.000369515,0.994136631,0.000101444,3.23E-07,0.003323854,1.23E-06,4.90E-05,Double_bass
8073923c.wav,Double_bass,0.026278589,1.80E-05,0.194344044,0.000465627,0.778839111,1.36E-06,1.11E-09,2.69E-06,4.21E-05,8.43E-06,Double_bass
6efbaf90.wav,Double_bass,0.000217401,0.003670504,0.001825227,8.86E-05,0.992888629,8.34E-05,1.24E-06,4.18E-08,5.70E-05,0.001167935,Double_bass
642ad7e4.wav,Double_bass,0.000750534,0.000209942,0.014937788,1.17E-05,0.980512023,9.33E-05,3.73E-07,2.92E-05,3.29E-05,0.00342238,Double_bass
5eadbc6d.wav,Double_bass,0.019112304,0.004442765,0.024080658,0.012808439,0.889701903,0.000612723,4.73E-05,0.015840093,0.000423085,0.032930732,Double_bass
1a7d3f2d.wav,Double_bass,0.027137224,0.000197526,0.344166666,8.78E-05,0.628189564,5.00E-07,3.06E-09,3.57E-06,0.00021148,5.73E-06,Double_bass
13da16ae.wav,Double_bass,0.000949095,7.59E-05,0.000247251,5.84E-05,0.998183608,1.45E-06,3.05E-08,0.000471553,6.28E-06,6.49E-06,Double_bass
103f29e5.wav,Double_bass,0.000865605,8.86E-06,8.94E-05,2.25E-05,0.998557329,0.000178928,2.32E-09,6.69E-05,1.07E-07,0.000210428,Double_bass
da8ea649.wav,Double_bass,0.000248566,0.000977744,0.003312286,3.27E-07,0.995458663,9.74E-07,6.53E-10,1.02E-07,5.18E-08,1.37E-06,Double_bass
ca348cbb.wav,Double_bass,0.000426819,2.78E-06,0.032904547,2.77E-08,0.966665804,2.19E-10,6.76E-14,5.54E-11,1.27E-08,1.91E-09,Double_bass
8ce2e863.wav,Double_bass,2.83E-05,0.000415743,0.000143103,1.55E-07,0.999412298,4.33E-07,1.93E-11,3.11E-11,4.45E-10,3.54E-08,Double_bass
462b676f.wav,Double_bass,0.051551867,0.008787581,0.006608326,0.000140921,0.888204813,8.67E-05,8.67E-07,0.015419655,1.18E-05,0.029187426,Double_bass
b428466c.wav,Double_bass,5.54E-05,0.000698893,0.001974382,2.89E-08,0.997270882,6.12E-08,2.04E-10,2.18E-09,8.21E-08,3.13E-07,Double_bass
4fd883bb.wav,Double_bass,0.006135169,3.37E-06,0.128112867,0.00031145,0.865435421,1.39E-07,2.07E-11,4.76E-09,1.47E-06,1.52E-07,Double_bass
2ac8b94f.wav,Double_bass,0.000221496,0.000285008,0.005047079,5.44E-05,0.990417123,0.002219362,1.25E-05,3.94E-06,2.67E-08,0.001739126,Double_bass
c840804f.wav,Double_bass,0.000136065,0.000304086,0.011964321,4.84E-07,0.987517953,3.56E-07,2.49E-10,1.29E-09,6.36E-07,7.62E-05,Double_bass
f63f3703.wav,Double_bass,8.07E-05,0.000564976,0.030685846,0.000129464,0.945230186,5.45E-06,5.18E-08,9.80E-06,1.54E-05,0.023278072,Double_bass
c0ddf010.wav,Double_bass,0.005699121,0.00280952,0.007374953,2.99E-05,0.981297553,6.51E-05,1.41E-07,4.18E-06,2.49E-05,0.002694655,Double_bass
a0cbe92e.wav,Double_bass,0.000930179,0.008125733,0.033843216,0.035333395,0.910544336,0.006570448,1.07E-05,1.20E-05,0.000112237,0.004517729,Double_bass
4fb480bf.wav,Double_bass,0.002468306,0.153331056,0.055494111,0.03099224,0.742996514,0.012606064,3.91E-05,3.93E-05,0.000652641,0.001380726,Double_bass
9dd0141c.wav,Double_bass,0.004352956,0.000106744,0.007417585,8.43E-06,0.973686457,0.011320408,1.55E-08,0.0020806,0.000303521,0.000723442,Double_bass
deb87700.wav,Double_bass,0.002444796,0.025773613,0.054535117,0.005659855,0.905237615,0.005848633,2.40E-05,3.45E-05,0.000172433,0.000269424,Double_bass
e0ecd1a6.wav,Double_bass,0.012984475,2.44E-05,0.0655692,6.84E-06,0.915951669,1.40E-06,8.90E-08,7.20E-06,0.000629809,0.004824851,Double_bass
0286fc27.wav,Double_bass,0.005119381,0.006793343,0.007462818,0.026470324,0.948666871,0.00154136,8.59E-06,0.000103224,9.88E-05,0.003735428,Double_bass
e2d993ec.wav,Cello,0.048057534,0.008556833,0.849624455,0.013935906,0.026922584,0.005145598,5.01E-06,0.004087597,0.000246655,0.043417789,Cello
0091fc7f.wav,Cello,0.024653954,0.002577926,0.772920072,0.060181446,0.100440457,0.003874392,2.20E-05,0.008743271,0.003785562,0.022800824,Cello
e55c5160.wav,Cello,0.015782474,0.000232783,0.871332467,0.002464049,0.032664593,0.00909531,7.61E-05,0.025176506,0.002438063,0.040737811,Cello
a59b5a08.wav,Cello,0.002435794,0.042862535,0.887479603,0.025664207,0.031366423,0.000621862,2.24E-05,0.000165565,0.00539212,0.003989455,Cello
88500b88.wav,Cello,0.006031749,0.006899286,0.955948591,0.002200255,0.017804479,0.003024317,2.57E-05,0.004015545,0.000357819,0.003692312,Cello
743ae0f9.wav,Cello,0.005947356,0.018870426,0.681926131,0.017980604,0.231412962,0.006714501,6.68E-05,0.005069965,0.002696084,0.029315135,Cello
9e3bc1b6.wav,Cello,0.006144049,0.001213987,0.941080451,0.004230649,0.019754695,0.000576643,0.000110512,0.000367679,0.025915854,0.000605464,Cello
3e2bddda.wav,Cello,0.001724623,0.000312652,0.826319516,0.003573712,0.001070163,0.007352138,0.000276389,0.051458444,0.000848672,0.107063673,Cello
d328db67.wav,Cello,0.000403414,0.000105943,0.941213489,0.000347805,0.021619411,0.001298899,0.000421064,0.001463865,0.00681631,0.026309554,Cello
7d896090.wav,Cello,0.044395223,0.014009277,0.834176183,0.033340409,0.039725233,0.005948864,9.90E-06,0.009751551,0.000517495,0.018125951,Cello
4bff8f32.wav,Cello,0.003924869,0.007429116,0.88930881,0.001018504,0.09740743,1.24E-05,4.66E-07,5.55E-05,0.000824068,1.88E-05,Cello
5e5bca7a.wav,Cello,0.000865259,0.016303709,0.90093565,0.017308496,0.009970068,0.002557482,5.88E-05,0.005306687,0.001772994,0.044920936,Cello
811bf309.wav,Cello,0.00092245,0.006805243,0.93384552,0.000541063,0.00292029,0.001413127,7.43E-05,0.001861114,0.003775016,0.047842033,Cello
5689818f.wav,Cello,0.018447472,0.016506577,0.895219862,0.001958541,0.017477578,0.004061442,3.04E-05,0.005750934,0.002640998,0.037906293,Cello
81d9f077.wav,Cello,0.003898108,0.000542438,0.89285171,0.006437432,0.09329161,0.00069597,4.14E-07,0.000223823,0.001577525,0.000480943,Cello
00353774.wav,Cello,0.038190003,0.000100254,0.874661088,0.00791964,0.004509402,0.012976294,2.18E-05,0.053306419,0.000229355,0.008085682,Cello
6a210ffa.wav,Cello,0.004140501,0.002305207,0.881818056,0.000292287,0.099537008,0.000955963,2.71E-05,0.000576599,0.009498721,0.0008488,Cello
e97d9707.wav,Cello,0.003008902,0.009428849,0.902992606,0.001668121,0.013819489,0.005980669,0.000188618,0.010893329,0.003037103,0.048982352,Cello
238b16a5.wav,Cello,0.000738376,9.38E-06,0.854264081,2.26E-05,0.144803643,6.30E-05,1.51E-09,3.11E-07,6.30E-05,3.56E-05,Cello
dc5be9d7.wav,Cello,0.013912008,0.002573665,0.946102202,0.0006061,0.035677616,3.16E-05,1.34E-07,8.16E-05,0.00093971,7.56E-05,Cello
f9653de8.wav,Cello,0.003293256,0.020856209,0.83991617,0.002689774,0.095740676,0.003458285,6.89E-05,0.006408975,0.000452312,0.027115371,Cello
31dbc5c0.wav,Cello,0.039791621,0.000618855,0.871246576,0.000106733,0.027267851,0.026018262,1.32E-06,0.004648373,4.11E-05,0.030259293,Cello
cbc8d551.wav,Cello,0.028246723,0.048981372,0.757140219,0.023865351,0.035642944,0.007816765,0.000225902,0.011302185,0.023680136,0.063098446,Cello
195f544d.wav,Cello,0.019876467,0.010047911,0.758915424,0.000951212,0.010192582,0.077098511,0.008618665,0.023424201,0.011003598,0.079871483,Cello
22bea889.wav,Cello,0.005025036,0.000317501,0.846788883,0.003853063,0.142105326,6.87E-06,2.56E-08,0.000307097,0.000547333,0.001048875,Cello
ab8e8ae3.wav,Cello,0.000898887,0.000150858,0.964708567,0.004475036,0.021280367,0.002116167,1.71E-05,0.004734025,0.000527261,0.001091864,Cello
e70c41d4.wav,Cello,0.010501578,1.09E-08,0.8902421,0.002983802,5.06E-05,0.041718643,9.49E-08,0.036292147,1.38E-06,0.018209469,Cello
125e6ccf.wav,Cello,0.000756528,4.94E-05,0.957825303,0.001094727,0.022092659,7.76E-05,5.98E-08,0.000314916,0.000767832,0.017021015,Cello
2da9e12a.wav,Cello,0.007843402,0.001172455,0.942583799,0.000534573,0.046037208,0.000669843,4.12E-06,0.000450203,0.000149074,0.000555203,Cello
34e4d187.wav,Cello,0.008787021,0.018875804,0.79764092,0.002036007,0.126572549,0.004892251,4.52E-05,0.02445416,0.012464432,0.004231675,Cello
52e54bdd.wav,Bass_drum,0.007278462,0.487344414,0.235448733,0.07590393,0.156526104,0.025298778,0.000214242,0.000693531,0.00476347,0.00652839,Bass_drum
6d21ad67.wav,Bass_drum,3.21E-05,0.87162745,0.067721017,5.65E-05,0.060527977,1.50E-05,6.83E-07,2.13E-06,9.97E-06,7.16E-06,Bass_drum
ca3f3698.wav,Bass_drum,2.55E-05,0.897901773,0.000233985,4.15E-07,0.101836748,5.70E-07,4.43E-10,2.09E-08,1.77E-07,8.94E-07,Bass_drum
aa9ae956.wav,Bass_drum,0.00025512,0.985797763,0.005182458,0.001163697,0.006937054,7.28E-05,3.26E-06,0.000263989,0.000128595,0.000195232,Bass_drum
0ddb4bdf.wav,Bass_drum,0.000292696,0.876761913,0.006995305,0.007313891,0.104812227,0.002939112,1.23E-05,3.78E-05,0.000149663,0.00068516,Bass_drum
921eee9d.wav,Bass_drum,0.000297798,0.978091717,0.004901249,0.002979605,0.012766163,0.000185269,8.20E-06,0.000484655,0.000148943,0.000136475,Bass_drum
c153f347.wav,Bass_drum,3.17E-05,0.829246342,0.000358747,7.35E-07,0.170359403,6.98E-07,1.57E-09,2.86E-08,3.42E-07,1.99E-06,Bass_drum
63e0ab2c.wav,Bass_drum,0.000497976,0.988424957,0.005406065,0.00036637,0.004439924,1.52E-05,1.63E-06,0.000382385,3.66E-05,0.000428779,Bass_drum
88780eac.wav,Bass_drum,0.004408723,0.746866524,0.061782561,0.007574546,0.098214671,0.029461097,0.002940869,0.001158437,0.044856977,0.002735629,Bass_drum
bea51ca5.wav,Bass_drum,0.001804164,0.824757099,0.008878199,0.00059466,0.162456751,0.001031024,1.57E-06,1.33E-05,9.46E-05,0.000368546,Bass_drum
f26131d8.wav,Bass_drum,1.64E-05,0.985766411,8.72E-05,0.000266354,0.008163896,1.17E-05,7.92E-08,0.005639834,2.56E-06,4.57E-05,Bass_drum
ce75b5ce.wav,Bass_drum,0.001484771,0.881870747,0.005815123,8.00E-05,0.109957658,5.92E-05,6.73E-07,0.000653633,3.74E-05,4.08E-05,Bass_drum
565f3ee2.wav,Bass_drum,0.00037904,0.895853341,0.003999444,0.001987471,0.053455647,3.32E-05,3.49E-07,0.039784808,3.44E-06,0.004503259,Bass_drum
ff11628d.wav,Bass_drum,0.000408842,0.919767201,0.008347626,0.023503251,0.043274146,0.003128632,6.80E-06,0.000301911,0.000129737,0.001131837,Bass_drum
cdfc8967.wav,Bass_drum,0.004069076,0.632701695,0.144132718,0.041029394,0.126989201,0.012009852,0.000161649,0.000431126,0.011122486,0.027352879,Bass_drum
f8a99b37.wav,Bass_drum,0.000481583,0.972913742,0.004177792,0.001334562,0.020320725,0.000337408,5.70E-06,0.000145726,6.74E-05,0.000215417,Bass_drum
809ea09e.wav,Bass_drum,0.00095533,0.961265564,0.009811655,0.002016919,0.024351124,0.000537685,2.08E-05,0.00019574,0.000326543,0.00051847,Bass_drum
03fc1f96.wav,Bass_drum,0.049458336,0.233250022,0.03810462,0.005360059,0.643225312,0.022137454,4.97E-05,0.008312801,1.65E-05,8.53E-05,Double_bass
8b6a16de.wav,Bass_drum,1.46E-05,0.933008254,0.000162947,3.53E-07,0.066812545,3.50E-07,4.10E-10,1.55E-08,1.45E-07,8.41E-07,Bass_drum
7dda9dc2.wav,Bass_drum,0.003675153,0.323289812,0.073757678,0.051342383,0.536331713,0.002600783,7.73E-05,0.00067691,0.005714998,0.002533214,Double_bass
3a9085ca.wav,Bass_drum,0.001225483,0.96291703,0.001487107,0.000532473,0.0249006,0.000129348,8.60E-06,0.008021412,0.000259312,0.000518604,Bass_drum
4ba2b70e.wav,Bass_drum,0.000248962,0.987916887,0.000111823,1.21E-05,0.006470401,8.38E-06,9.80E-07,0.005131785,8.45E-05,1.42E-05,Bass_drum
01c2f88b.wav,Bass_drum,0.000286824,0.912626922,0.008384395,0.029197797,0.039974604,0.007977481,4.73E-05,0.000242795,0.000538163,0.000723718,Bass_drum
ce3f3400.wav,Bass_drum,0.108435504,0.564916849,0.141383544,0.010586902,0.073501617,0.000492844,9.87E-05,0.024309259,0.0087262,0.067548499,Bass_drum
6a96272b.wav,Bass_drum,1.88E-05,0.879819274,0.000313166,1.22E-05,0.11983265,3.81E-07,1.08E-08,1.59E-07,2.49E-06,8.59E-07,Bass_drum
9adffd44.wav,Bass_drum,0.000222245,0.91021806,0.000720048,4.30E-06,0.088814229,5.67E-06,1.36E-08,9.16E-07,1.43E-06,1.32E-05,Bass_drum
7d11b3b4.wav,Bass_drum,7.55E-06,0.985613644,8.33E-05,6.68E-07,0.014293488,5.35E-07,5.77E-09,8.92E-08,2.86E-07,4.26E-07,Bass_drum
bab98261.wav,Bass_drum,1.29E-05,0.988350213,0.000122527,1.05E-06,0.011511438,6.68E-07,5.06E-09,1.42E-07,2.96E-07,7.16E-07,Bass_drum
c11bacda.wav,Bass_drum,0.007014782,0.80465585,0.044856854,0.044228543,0.067204595,0.020793857,0.000133955,0.004000153,0.000588989,0.006522384,Bass_drum
9a4bfb69.wav,Bass_drum,0.001746454,0.638971448,0.034639649,0.002517218,0.320963532,0.000197511,3.43E-06,2.83E-05,0.000250196,0.000682244,Bass_drum
18865530.wav,Flute,0.000114705,1.34E-07,0.00457809,0.002987732,3.08E-06,0.964121401,8.29E-07,0.001660811,0.007587189,0.01894591,Flute
9f6eac9c.wav,Flute,0.0001816,2.74E-07,0.00852642,0.020490689,2.98E-05,0.956265092,0.000494369,0.012034174,3.45E-06,0.001974142,Flute
07db7f16.wav,Flute,6.25E-05,0.012185413,0.003988238,0.069462121,0.020185225,0.893591166,4.52E-05,1.22E-05,9.12E-05,0.000376918,Flute
dc6676ff.wav,Flute,0.000364777,1.08E-08,0.000757116,0.004217013,1.63E-06,0.96808511,1.14E-05,0.023249032,1.30E-05,0.003300877,Flute
3eaddda8.wav,Flute,0.039569534,8.37E-06,0.036513127,0.046541944,0.001362994,0.766969383,6.88E-05,0.074274361,0.000127876,0.034563709,Flute
1b93aeba.wav,Flute,0.000976524,1.26E-09,0.000163612,0.000319428,2.98E-06,0.996631622,6.77E-06,0.001601959,7.80E-07,0.000296416,Flute
c683f28f.wav,Flute,0.018234303,6.42E-12,1.43E-06,0.003463375,1.53E-06,0.978186965,1.71E-12,6.03E-06,2.89E-11,0.000106403,Flute
55d52a69.wav,Flute,0.000134101,0.002978879,0.007051822,0.026022019,0.004498604,0.922341645,0.00449289,0.026305266,0.000256019,0.005918873,Flute
ca8653d2.wav,Flute,0.002537341,3.46E-08,0.00534777,0.005874644,0.000349408,0.959589243,4.18E-05,0.021279056,8.54E-07,0.004979845,Flute
6b27a847.wav,Flute,2.01E-05,2.37E-08,0.00367061,0.001979621,6.44E-06,0.992165029,1.05E-06,0.001141527,2.05E-07,0.001015525,Flute
4bcc8a77.wav,Flute,0.000959937,1.86E-08,9.81E-05,0.025402483,8.77E-07,0.959049702,3.94E-09,0.014149755,7.25E-05,0.000266758,Flute
84f5b84b.wav,Flute,3.47E-05,5.82E-10,2.25E-05,0.001051217,1.74E-06,0.998559058,4.32E-11,0.00027054,6.82E-11,6.01E-05,Flute
5d73ee6f.wav,Flute,0.003322135,0.001233103,0.011881751,0.095922247,0.007400251,0.746348858,0.002824868,0.092448078,0.012588869,0.026029998,Flute
5d040c3b.wav,Flute,0.000181824,1.84E-06,0.000495161,0.001485488,0.000580156,0.970108747,3.77E-07,0.009803585,0.000940738,0.016402116,Flute
6a037ddf.wav,Flute,0.000137987,0.003702753,0.00672377,0.0410165,0.003570531,0.920567989,0.000390288,0.006423398,0.000178749,0.017288037,Flute
35e97db3.wav,Flute,2.26E-08,1.54E-18,5.63E-05,0.00055698,8.73E-11,0.999386013,2.79E-08,2.35E-07,7.19E-14,5.59E-07,Flute
d14f5df1.wav,Flute,0.020850426,5.27E-06,0.018436523,0.013434324,0.004930501,0.905438721,2.54E-05,0.034399506,6.95E-08,0.002479279,Flute
9f522cda.wav,Flute,0.000180928,9.74E-10,0.0001209,0.055319943,2.40E-07,0.943051994,3.27E-09,0.001236053,1.94E-06,8.81E-05,Flute
fe76c972.wav,Flute,0.001250497,6.47E-06,0.057731133,0.024313392,0.000503604,0.885351121,0.000538866,0.029665343,3.07E-07,0.00063924,Flute
562d93f5.wav,Flute,0.012611762,0.001932422,0.015734142,0.047552541,0.00299612,0.899767697,9.77E-05,0.010932196,0.004679585,0.003695959,Flute
fa32109e.wav,Flute,0.009683193,8.85E-05,0.001750408,0.073196433,0.000113152,0.890028715,0.002108862,0.022236738,4.43E-06,0.000789661,Flute
b4b2b68d.wav,Flute,0.018949488,8.35E-05,0.094147258,0.039050493,0.039540745,0.773477376,6.68E-06,0.023547633,0.000187737,0.011009043,Flute
af227d6f.wav,Flute,0.005037815,4.27E-06,0.036150668,0.021720421,0.00080015,0.895766437,0.004926776,0.026836112,5.93E-05,0.008698243,Flute
85d6a7d2.wav,Flute,0.012225102,6.15E-06,0.037255745,0.025149466,0.000261225,0.862018704,4.64E-06,0.060795814,3.09E-06,0.002280136,Flute
3707da71.wav,Flute,0.010141517,2.00E-05,0.025979869,0.126705199,0.000800788,0.753172398,0.029085688,0.043095857,0.000862076,0.01013671,Flute
61c914b1.wav,Flute,1.90E-05,1.59E-07,0.000198488,0.225501969,1.11E-05,0.774158716,2.04E-07,9.52E-05,2.54E-08,1.52E-05,Flute
f5e20dce.wav,Flute,0.150480494,1.73E-05,0.130466357,0.049387235,0.003106602,0.61401552,0.000132226,0.035843819,0.000825444,0.015725125,Flute
b0d9849d.wav,Flute,0.000420715,0.002578096,0.012147496,0.040094353,0.001577403,0.918110013,6.12E-05,0.019900829,0.00034649,0.004763442,Flute
6ef82473.wav,Flute,0.011169366,8.69E-06,0.016061272,0.024286617,0.028108703,0.86764729,0.015153592,0.031789031,1.57E-06,0.005773748,Flute
8986cced.wav,Flute,0.001261796,4.71E-07,0.000240893,0.004039064,5.45E-05,0.894324601,1.22E-07,0.100008748,6.64E-06,6.34E-05,Flute
a64a3740.wav,Clarinet,2.04E-06,1.49E-14,2.57E-07,0.988199055,7.11E-07,0.011796752,3.68E-12,2.69E-09,5.05E-11,1.19E-06,Clarinet
ad7ec8cb.wav,Clarinet,7.21E-08,7.36E-18,4.41E-09,0.999815106,4.75E-10,0.000184681,3.45E-13,1.33E-11,7.71E-13,5.02E-08,Clarinet
8ee44fb5.wav,Clarinet,0.014125086,3.78E-10,5.25E-07,0.985803485,1.24E-06,4.46E-05,4.38E-09,8.05E-06,2.69E-08,1.72E-05,Clarinet
7eb959ec.wav,Clarinet,0.013871464,7.86E-05,0.002581496,0.954680264,0.008728174,0.007118615,0.00014147,0.010477816,6.26E-05,0.00225942,Clarinet
e51e1770.wav,Clarinet,0.006162812,7.23E-09,1.40E-07,0.979744256,2.61E-07,8.81E-06,0.000853961,0.012527045,4.50E-07,0.000702446,Clarinet
3f7e6da8.wav,Clarinet,8.12E-05,2.67E-09,0.000353985,0.99947983,2.10E-06,5.87E-06,6.34E-05,3.63E-06,1.01E-05,1.22E-07,Clarinet
3cbe9902.wav,Clarinet,0.000217161,0.006023765,0.010380015,0.944105029,0.005626785,0.022492124,0.000218013,0.000633037,0.000590123,0.009714144,Clarinet
9a722e53.wav,Clarinet,0.000121851,8.88E-08,5.00E-05,0.997821987,0.000129974,3.84E-05,8.02E-08,0.001837502,6.81E-09,1.48E-07,Clarinet
19105b8a.wav,Clarinet,0.021513199,2.27E-06,0.006538549,0.911342084,0.026375793,0.033082258,5.57E-05,0.000675266,0.000110651,0.000304168,Clarinet
1f81cc2b.wav,Clarinet,0.000214665,4.64E-07,0.000362619,0.968706608,0.000302972,0.014783338,9.45E-09,0.009474088,0.00061396,0.005541275,Clarinet
44c5094c.wav,Clarinet,0.002184751,5.55E-10,8.12E-05,0.967412591,0.000123358,0.018540399,5.64E-09,0.011319661,7.16E-10,0.000338153,Clarinet
5506629f.wav,Clarinet,0.000891718,0.012652719,0.029103009,0.947639525,0.002524045,0.001551854,7.03E-05,0.002084749,0.003340037,0.000142191,Clarinet
ddf23920.wav,Clarinet,4.48E-06,6.80E-12,8.33E-06,0.987318575,4.77E-06,0.012423309,6.49E-08,0.000232102,3.39E-12,8.33E-06,Clarinet
2e1cd085.wav,Clarinet,1.04E-07,2.08E-16,1.27E-07,0.999983072,3.21E-10,4.19E-06,2.77E-10,1.72E-08,5.60E-07,1.20E-05,Clarinet
dc981a38.wav,Clarinet,0.000896758,5.29E-08,0.050337106,0.783423126,0.007375876,0.140409201,8.28E-08,0.014026526,4.08E-07,0.003530923,Clarinet
a053797b.wav,Clarinet,0.003352451,6.99E-11,4.52E-06,0.993598282,6.86E-05,1.41E-07,2.50E-08,0.002974586,1.38E-06,1.29E-08,Clarinet
f2310f0d.wav,Clarinet,0.000957503,0.001096902,0.002003265,0.956365824,0.000477199,0.002823965,0.00679714,0.012856807,6.02E-05,0.016561447,Clarinet
ce65d6b5.wav,Clarinet,0.005280907,1.44E-07,0.000486784,0.921576798,0.000528977,0.000185073,1.21E-05,0.071924381,3.70E-06,1.27E-06,Clarinet
45de3233.wav,Clarinet,0.001528325,0.015232622,0.01756452,0.938839316,0.009772708,0.008808685,0.000104399,0.00429686,0.000839064,0.003013604,Clarinet
8916ffcd.wav,Clarinet,1.59E-06,1.74E-10,2.36E-06,0.999773383,1.81E-06,1.65E-06,1.76E-12,0.000218925,3.70E-11,2.87E-07,Clarinet
e43f7db2.wav,Clarinet,1.74E-05,4.66E-09,8.89E-06,0.980317414,7.22E-07,0.000842946,7.62E-11,0.017064499,3.11E-12,0.001748312,Clarinet
3c66098d.wav,Clarinet,0.000142118,3.96E-12,7.67E-05,0.94807148,0.000340815,0.051365178,4.26E-09,6.47E-07,1.22E-11,3.16E-06,Clarinet
ad42e493.wav,Clarinet,0.000133077,1.12E-08,4.58E-05,0.991550982,7.90E-08,0.004427854,3.40E-07,0.003630809,2.40E-07,0.000211049,Clarinet
740e5bb7.wav,Clarinet,0.003083223,0.005773322,0.03747594,0.866019726,0.03607909,0.024124622,0.000934531,0.019611474,0.000525339,0.006372801,Clarinet
800b401e.wav,Clarinet,0.024326216,0.00170572,0.013837,0.930224359,0.027232382,0.0004749,1.78E-06,0.002068973,2.15E-05,0.00010727,Clarinet
3c713bcf.wav,Clarinet,0.007837728,1.68E-05,0.017766537,0.962891161,0.003188655,2.34E-06,0.008274226,6.18E-06,3.40E-06,1.31E-05,Clarinet
2fc00271.wav,Clarinet,9.94E-05,2.68E-09,0.005303676,0.994170547,0.000317256,2.13E-05,2.65E-05,1.26E-05,1.34E-06,4.75E-05,Clarinet
b0c06255.wav,Clarinet,0.002602463,2.46E-07,8.03E-05,0.964142859,1.53E-05,0.006651549,3.37E-08,0.019659802,7.78E-08,0.006847375,Clarinet
71c6451f.wav,Clarinet,1.80E-05,7.17E-11,0.000254073,0.954434454,3.52E-08,0.043800503,2.86E-11,0.001411694,1.46E-09,8.12E-05,Clarinet
5de123c3.wav,Clarinet,0.002515856,4.72E-09,1.70E-05,0.989037454,0.000128671,0.007407034,1.03E-08,8.92E-05,8.57E-09,0.000804654,Clarinet
